Metric,Value
RMSE,32.91305109808399
MAE,26.12089088303923
MAPE,0.22964229457158247
R2,-1.0437415411199376
TIME,20.754935518900552
